review_score,order_count,total_sales,nps
1,30,31445.81,-37.34177215189873
2,33,27687.67,-37.34177215189873
3,26,35337.25,-37.34177215189873
4,39,40165.64,-37.34177215189873
5,30,25124.42,-37.34177215189873
