state,order_count,total_sales,total_freight,avg_order_value
DF,27,21821.04,2669.7599999999998,808.1866666666667
MG,30,32497.01,3074.97,1083.2336666666665
RJ,41,40532.89,4130.62,988.6070731707317
RS,26,27146.38,2784.42,1044.0915384615384
SP,34,37763.47,3957.63,1110.690294117647
