category_name,order_count,total_sales,total_freight,avg_order_value
books,62,37403.37,3999.18,603.2801612903227
clothing,54,32015.07,3377.83,592.8716666666667
electronics,48,32050.07,2572.63,667.7097916666667
furniture,55,30280.21,3936.35,550.5492727272728
toys,44,28012.07,2731.41,636.6379545454546
